2,GoClient,This is a Go Protobuf client!!,1,FirstItemName,222,0
2,GoClient,This is a Go Protobuf client!!,2,SecondItemName,333,1
2,GoClient,This is a Go Protobuf client!!,3,ThirdItemName,444,2
2,GoClient,This is a Go Protobuf client!!,4,FourthItemName,555,0
2,GoClient,This is a Go Protobuf client!!,5,FifthItemName,666,3
2,GoClient,This is a Go Protobuf client!!,1,FirstItemName,222,0
2,GoClient,This is a Go Protobuf client!!,2,SecondItemName,333,1
2,GoClient,This is a Go Protobuf client!!,3,ThirdItemName,444,2
2,GoClient,This is a Go Protobuf client!!,4,FourthItemName,555,0
2,GoClient,This is a Go Protobuf client!!,5,FifthItemName,666,3
134020434,Node,This is a Go Protobuf client!!,1,FirstItemName,222,0
134020434,Node,This is a Go Protobuf client!!,2,SecondItemName,333,1
134020434,Node,This is a Go Protobuf client!!,3,ThirdItemName,444,2
134020434,Node,This is a Go Protobuf client!!,4,FourthItemName,555,0
134020434,Node,This is a Go Protobuf client!!,5,FifthItemName,666,3
134020434,Node,Stuff,1,FirstItemName,222,0
134020434,Node,Stuff,2,SecondItemName,333,1
134020434,Node,Stuff,3,ThirdItemName,444,2
134020434,Node,Stuff,4,FourthItemName,555,0
134020434,Node,Stuff,5,FifthItemName,666,3
134020434,Node,Stuff,1,FirstItemName,222,0
134020434,Node,Stuff,2,SecondItemName,333,1
134020434,Node,Stuff,3,ThirdItemName,444,2
134020434,Node,Stuff,4,FourthItemName,555,0
134020434,Node,Stuff,5,FifthItemName,666,3
